{
    "H102": 82.99501495558897,
    "H103": 37.89217678898207,
    "H104": 122.47907857869025,
    "H105": 128.2961102804578,
    "H107": 91.19026109146844,
    "H109": 44.76141203188252,
    "H110": 67.52564142883861,
    "H111": 82.96790763424451,
    "H112": 112.47282965550015,
    "H113": 135.8047981732989,
    "H115": 99.44599560508865,
    "H117": 107.84092837599408,
    "H202": 125.03908105641696,
    "H203": 182.54223340360812,
    "H204": 146.8006559621462,
    "H205": 258.21079946222625,
    "H206": 69.67167089664065,
    "H208": 127.10155943033784,
    "H209": 111.43141383867257,
    "H210": 136.80824649142662,
    "H211": 99.1028022195636,
    "H213": 158.59302773451537,
    "H214": 89.23370979034533,
    "H215": 147.7918124278913,
    "H216": 103.45356917821698,
    "H217": 84.51192972263492,
    "H218": 96.14656381622814,
    "H219": 135.4690834538349,
    "H220": 142.69963078501553,
    "H221": 224.49123489844186,
    "H222": 120.66651592798009,
    "H223": 78.72382280726407,
    "H301": 246.32892613710118,
    "H303": 266.67557232759526,
    "H304": 183.5022114678402,
    "H305": 106.17846901458812,
    "H306": 179.93068644559256,
    "H307": 151.74628789446194,
    "H308": 68.34697901733027,
    "H310": 87.16584895791145,
    "H311": 140.8535425105175,
    "H313": 116.61547601716748,
    "H314": 89.07245572417179,
    "H315": 202.9332904186603,
    "H316": 87.76131870092914,
    "H317": 106.59836290450039,
    "H401": 243.71147209079095,
    "H402": 176.55594931074432,
    "H403": 125.09542468273969,
    "H405": 268.5029440054325,
    "H406": 108.42521540593104,
    "H408": 180.97068471298246,
    "H410": 60.90208084847908,
    "H411": 96.33581969434404,
    "H412": 109.69436962042309,
    "H413": 152.37162755113147,
    "H502": 49.572521859371086,
    "H503": 129.71859039426468,
    "H504": 167.7406204144775,
    "H508": 146.0063858721439,
    "H702": 121.37156554236161,
    "H703": 101.56213555311845,
    "H705": 84.35051048745522,
    "H706": 62.5546084647184,
    "H707": 135.86268294708913,
    "H708": 244.24909693014067,
    "H114": 9999.0,
    "P_H203_danger_threshold": 0.7020267338079642,
    "P_H221_opp_void_prob": 0.43889751720151526,
    "P_H223_danger_threshold": 0.5320391845205112,
    "P_H303_interruption_p": 0.34309985803242704,
    "P_H104_rank_threshold": 4.604537421673822,
    "P_H112_rank_threshold": 5.261147880091099,
    "P_H210_rank_threshold": 7.823960012519505,
    "P_H211_hoard_size": 6.4481016868281005,
    "P_H211_rank_threshold": 9.95585182367073,
    "P_H304_u_suit_threshold": 0.8827551209391138,
    "P_H304_rank_threshold": 10.457850399491539
}